{"Training Loss": 0.8762024442354838, "Epoch": 0, "_timestamp": 1724628338.486142, "_runtime": 32443.973915815353, "_step": 504, "Validation Loss": 0.8411862254142761, "Validation SDR": 0.04526717588305473, "Validation SIR": -0.48304688930511475, "Validation SAR": 0.04526717588305473, "Test SDR": -Infinity, "Test SIR": -Infinity, "Test SAR": -Infinity, "_wandb": {"runtime": 32538}}